{"cameraMode":{"drawMode":0,"name":"Shaded","section":"Shading Mode"},"sceneLighting":true,"audioPlay":false,"sceneViewState":{"m_AlwaysRefresh":false,"showFog":true,"showSkybox":true,"showFlares":true,"showImageEffects":true,"showParticleSystems":true,"showVisualEffectGraphs":true,"m_FxEnabled":true},"in2DMode":false,"pivot":{"x":0.17113371193408967,"y":-229.74667358398438,"z":-5.95408296585083},"rotation":{"x":-0.35249823331832888,"y":0.009024733677506447,"z":-0.0032707061618566515,"w":-0.9356123805046082},"size":1.2908967733383179,"orthographic":false}